ogrenci_id;cinsiyet;okul_turu;haftalik_calisma_saati;gunluk_sosyal_medya_saat;uyku_saat;not_ortalamasi
1;K;devlet;14,8;NA;;85,4
2;K;ozel;17,2;3,1;7,0;95,3
3;K;ozel;16,2;4,6;6,4;77,2
4;K;ozel;13,4;3,6;7,4;76,0
5;K;ozel;23,0;4,3;5,3;75,3
6;E;devlet;19,8;2,8;5,6;77,7
7;E;devlet;14,6;2,6;7,2;87,5
8;K;devlet;18,3;2,1;5,8;87,2
9;K;ozel;10,4;4,4;6,1;55,6
10;K;devlet;11,3;2,8;6,4;74,5
11;K;ozel;19,8;1,3;7,6;93,2
12;E;ozel;14,6;3,8;8,2;75,5
13;E;devlet;12,2;2,0;8,1;75,0
14;E;devlet;15,1;4,5;6,3;88,1
15;E;ozel;18,3;7,1;5,2;74,3
16;K;devlet;16,7;3,6;6,3;68,6
17;E;ozel;10,4;2,2;7,2;85,9
18;K;devlet;12,4;1,6;7,3;91,4
19;K;ozel;10,0;3,5;8,3;70,4
20;E;devlet;12,6;3,0;5,9;60,8
21;K;devlet;12,9;3,5;8,5;74,8
22;K;ozel;12,6;3,0;5,4;91,3
23;E;devlet;24,6;3,9;7,0;91,9
24;E;devlet;21,1;2,8;7,8;100
25;K;ozel;8,3;2,7;8,8;71,1
26;K;ozel;9,0;4,1;5,4;78,5
27;E;devlet;15,0;3,4;7,8;83,3
28;K;devlet;21,4;3,7;6,9;100
29;E;devlet;11,0;2,9;6,0;72,0
30;E;devlet;17,0;0,9;;91,7
31;E;ozel;10,0;3,6;6,6;57,1
32;K;devlet;11,3;3,6;7,1;68,7
33;K;ozel;17,0;3,6;5,2;81,0
34;K;ozel;18,5;0,8;8,7;100
35;K;devlet;23,7;2,0;7,8;100
36;K;ozel;17,5;2,6;7,9;86,9
37;E;ozel;3,9;4,4;7,5;62,6
38;E;devlet;16,3;3,8;7,9;88,9
39;K;ozel;21,2;3,6;5,2;82,8
40;K;devlet;17,0;2,9;7,4;95,4
41;K;ozel;22,7;4,7;6,4;99,5
42;K;ozel;11,5;NA;7,2;83,0
43;E;devlet;14,7;3,6;6,2;68,4
44;K;devlet;0;4,1;6,9;55,6
45;K;ozel;18,1;3,8;7,2;87,0
46;E;devlet;9,2;3,6;6,0;92,0
47;K;ozel;17,1;2,8;7,5;79,9
48;K;devlet;14,0;4,6;6,3;68,4
49;E;ozel;14,9;5,6;7,1;81,0
50;E;devlet;23,6;3,0;6,5;86,0
51;E;ozel;12,7;2,8;8,2;75,6
52;K;devlet;18,3;1,6;7,7;92,4
53;E;ozel;22,2;1,7;8,5;81,9
54;K;devlet;12,7;2,0;5,8;67,2
55;K;devlet;24,0;0,5;8,4;83,4
56;K;devlet;14,6;1,9;8,6;78,7
57;K;ozel;19,2;4,6;6,2;83,7
58;E;devlet;18,5;5,6;5,2;90,1
59;K;devlet;18,2;3,1;;97,9
60;E;ozel;11,8;2,1;8,3;78,7
61;K;devlet;17,8;2,3;5,2;66,9
62;K;devlet;11,2;2,4;7,4;66,7
63;K;ozel;17,6;2,5;7,9;89,8
64;K;ozel;3,9;4,2;7,5;57,3
65;K;ozel;7,6;2,9;6,4;79,5
66;K;devlet;4,6;4,4;5,7;41,3
67;E;ozel;14,9;3,0;6,8;88,3
68;E;ozel;8,0;3,6;5,3;62,4
69;K;devlet;13,4;4,7;6,1;70,0
70;K;ozel;15,5;3,8;7,3;81,6
71;E;devlet;5,0;3,7;5,6;53,2
72;E;ozel;12,7;3,4;6,2;55,9
73;K;ozel;16,8;5,1;5,9;67,2
74;K;devlet;6,3;3,6;5,6;38,7
75;E;ozel;8,9;1,8;5,9;68,4
76;E;devlet;14,8;1,6;7,4;89,1
77;E;ozel;12,2;2,3;7,8;82,3
78;E;ozel;12,4;4,4;6,9;78,8
79;K;devlet;19,7;3,5;6,0;80,9
80;K;ozel;8,4;4,3;6,6;66,8
81;E;ozel;19,7;3,0;7,0;69,1
82;E;devlet;11,0;3,1;6,1;72,1
83;E;devlet;21,0;NA;8,7;95,5
84;E;devlet;19,6;3,6;7,1;82,0
85;E;ozel;12,4;4,2;5,7;86,5
86;E;ozel;15,0;3,5;7,8;82,9
87;E;devlet;9,9;1,3;6,8;61,3
88;K;devlet;18,7;1,6;;98,9
89;K;devlet;11,2;3,2;6,1;80,5
90;K;devlet;17,3;2,9;7,7;86,8
91;E;ozel;18,1;2,7;5,8;72,0
92;K;devlet;13,6;2,0;6,7;63,2
93;K;ozel;7,8;2,6;8,1;78,4
94;K;ozel;16,0;2,5;8,2;82,6
95;E;devlet;7,5;3,8;7,3;67,1
96;E;ozel;7,6;3,8;6,5;83,8
97;K;ozel;17,8;2,4;6,1;84,7
98;E;ozel;24,6;3,4;7,0;99,5
99;E;ozel;13,8;4,6;7,1;68,7
100;K;devlet;15,3;4,2;6,0;73,5
101;E;ozel;14,1;3,1;6,7;86,4
102;K;ozel;12,5;2,0;6,6;73,5
103;E;ozel;13,8;2,1;7,3;84,6
104;K;ozel;19,5;4,0;6,6;78,6
105;K;ozel;13,9;4,6;6,5;62,6
106;K;devlet;13,6;4,1;6,2;87,4
107;K;ozel;16,6;3,1;6,4;100
108;E;devlet;19,6;1,9;6,5;88,4
109;K;devlet;14,8;5,4;6,3;77,0
110;E;devlet;8,3;2,1;8,1;87,5
111;E;devlet;17,5;3,0;7,1;71,6
112;K;ozel;9,9;3,4;8,4;54,8
113;E;devlet;8,7;1,7;7,9;72,6
114;K;ozel;13,4;2,4;7,3;82,3
115;K;ozel;8,6;3,5;6,6;74,9
116;E;ozel;18,3;3,4;6,7;99,3
117;K;ozel;17,7;3,6;;89,3
118;K;devlet;23,3;3,8;5,4;77,2
119;E;ozel;20,4;4,3;5,9;62,7
120;E;ozel;16,2;3,2;6,2;82,6
121;E;devlet;25,7;4,7;6,9;83,6
122;K;ozel;7,5;2,1;7,7;81,6
123;E;ozel;17,8;4,4;5,8;71,0
124;K;ozel;12,4;NA;5,9;56,0
125;E;ozel;13,6;2,1;8,7;78,3
126;K;ozel;18,2;3,5;7,8;96,9
127;K;ozel;12,2;3,4;5,9;83,7
128;E;devlet;16,8;4,5;7,2;77,3
129;E;devlet;21,9;3,3;7,2;77,1
130;E;devlet;12,9;2,8;8,8;81,3
131;E;devlet;13,3;2,4;7,8;77,1
132;E;ozel;22,1;0,1;8,0;100
133;E;devlet;20,3;2,3;8,3;80,3
134;E;ozel;10,3;4,8;6,3;69,3
135;E;ozel;18,6;2,0;6,6;86,0
136;E;ozel;24,2;2,0;7,9;96,8
137;E;devlet;18,2;2,0;6,9;94,8
138;E;ozel;23,8;2,8;6,7;88,3
139;K;devlet;8,3;3,0;8,1;59,7
140;E;devlet;9,5;2,8;6,9;62,5
141;K;devlet;2,1;3,6;6,1;68,8
142;K;ozel;20,9;1,1;7,1;96,8
143;E;devlet;12,3;2,4;6,9;69,4
144;K;devlet;12,9;3,2;5,8;59,3
145;E;devlet;11,3;0,6;9,2;88,3
146;E;ozel;13,0;3,5;;70,4
147;K;devlet;18,1;4,5;5,5;87,6
148;E;devlet;15,8;4,7;5,2;77,0
149;E;ozel;13,7;2,4;6,5;80,1
150;E;ozel;13,0;1,8;6,4;100
151;E;devlet;15,5;4,6;4,2;57,5
152;E;devlet;22,3;2,8;6,9;100
153;K;ozel;20,4;0,8;7,8;86,7
154;E;devlet;10,4;1,7;6,8;61,2
155;K;devlet;20,9;2,0;7,0;99,0
156;E;devlet;18,5;3,5;6,8;78,2
157;K;ozel;4,1;2,5;7,4;59,4
158;E;ozel;14,9;1,9;8,9;100
159;K;devlet;20,1;1,5;9,5;94,0
160;E;devlet;15,2;2,8;6,2;75,7
161;E;ozel;20,2;0,4;8,3;98,8
162;K;ozel;18,0;2,6;8,5;95,9
163;E;ozel;16,1;3,2;9,4;95,6
164;K;devlet;15,6;4,5;5,8;81,1
165;E;devlet;20,5;NA;7,9;81,5
166;E;devlet;13,7;2,2;6,7;80,2
167;E;devlet;19,8;2,9;7,9;82,5
168;K;ozel;12,9;6,1;7,3;68,5
169;K;devlet;10,8;1,7;8,8;82,5
170;K;devlet;15,8;2,2;7,7;74,1
171;K;devlet;13,7;3,6;6,8;76,1
172;K;devlet;6,3;2,5;8,4;83,2
173;K;devlet;9,5;4,6;6,3;66,5
174;E;devlet;18,7;3,9;6,9;86,0
175;E;ozel;12,6;3,0;;70,0
176;K;ozel;2,6;3,8;7,5;65,6
177;E;ozel;12,7;1,7;7,7;78,1
178;K;ozel;13,6;2,7;6,9;90,3
179;E;ozel;21,1;3,0;5,9;89,5
180;K;devlet;19,4;1,6;7,6;75,6
181;K;ozel;11,6;3,3;6,4;81,0
182;E;devlet;13,3;4,0;6,6;97,2
183;E;devlet;16,8;3,3;5,7;84,4
184;E;devlet;8,8;2,4;6,5;66,6
185;K;ozel;10,5;4,4;6,5;51,7
186;K;ozel;11,2;2,3;6,7;71,2
187;E;devlet;17,7;2,1;6,9;83,1
188;E;devlet;18,4;0,8;9,2;91,5
189;K;ozel;18,9;3,2;7,0;65,4
190;E;devlet;16,2;3,6;6,6;76,8
191;K;devlet;14,9;2,2;6,6;83,5
192;E;ozel;13,5;1,0;7,4;79,6
193;K;devlet;18,8;4,4;6,2;75,1
194;E;ozel;11,0;2,2;7,4;86,6
195;E;ozel;20,8;4,2;5,7;77,3
196;E;devlet;17,7;6,4;6,3;79,7
197;K;devlet;15,4;2,0;8,0;91,8
198;E;devlet;19,2;4,1;6,7;95,5
199;E;devlet;8,4;4,2;5,7;68,7
200;K;ozel;9,2;2,3;7,0;63,0
201;K;ozel;19,4;3,1;7,3;75,2
202;E;devlet;12,8;3,2;6,1;77,3
203;K;ozel;20,7;1,6;7,7;100
204;K;devlet;11,8;2,8;;67,4
205;K;devlet;18,1;3,6;7,0;88,3
206;K;devlet;21,7;NA;6,1;90,5
207;E;ozel;19,6;1,7;7,6;92,8
208;E;ozel;16,9;1,5;7,3;88,4
209;E;ozel;19,7;3,3;6,6;97,9
210;K;ozel;8,8;3,4;7,3;52,5
211;E;devlet;12,5;4,2;6,7;76,4
212;K;ozel;17,1;2,9;6,8;80,6
213;E;ozel;8,2;2,8;5,9;81,8
214;E;ozel;16,2;1,2;8,6;92,8
215;E;devlet;11,9;4,3;6,0;75,2
216;K;ozel;21,4;3,9;7,2;85,4
217;E;devlet;5,2;1,4;7,2;76,0
218;E;devlet;10,5;1,0;7,6;63,5
219;K;ozel;14,0;3,0;6,2;96,8
220;E;ozel;23,2;8,2;5,5;87,8
221;K;devlet;9,6;0,9;6,9;65,8
222;K;devlet;18,2;4,7;5,1;63,5
223;E;devlet;8,6;4,0;6,7;78,0
224;E;ozel;15,4;3,9;8,0;79,0
225;K;ozel;12,2;1,6;6,2;80,5
226;E;ozel;24,0;2,5;7,3;90,1
227;E;devlet;8,6;1,1;7,3;71,9
228;K;ozel;17,6;3,4;5,9;83,4
229;E;devlet;18,3;2,7;6,3;85,8
230;K;ozel;20,6;3,5;7,0;100
231;E;devlet;26,4;3,5;7,4;86,5
232;K;devlet;25,8;3,6;5,2;93,0
233;E;ozel;6,9;1,3;;73,8
234;K;ozel;18,2;3,6;6,6;85,5
235;E;ozel;23,8;3,9;5,7;88,0
236;K;devlet;14,9;3,1;6,3;87,0
237;K;devlet;10,3;2,8;8,0;72,7
238;K;ozel;16,0;2,7;6,5;85,8
239;K;ozel;16,1;1,9;7,2;70,9
240;E;devlet;21,0;3,4;7,0;83,3
